"CONFRONTO_CASA","CONFRONTO_FORA","DIF_GOLS_FT","Result"
Cruzeiro,Grêmio,1,FORA
Vitória,Flamengo,0,EMPATE
Santos,Ceará,2,CASA
América Mineiro,Sport Recife,3,CASA
Vasco da Gama,Atlético Mineiro,1,CASA
Corinthians,Fluminense,1,CASA
Internacional,Bahia,2,CASA
Athletico PR,Chapecoense,4,CASA
Botafogo,Palmeiras,0,EMPATE
São Paulo,Paraná,1,CASA
Bahia,Santos,1,CASA
Flamengo,América Mineiro,2,CASA
Paraná,Corinthians,4,FORA
Atlético Mineiro,Vitória,1,CASA
Chapecoense,Vasco da Gama,0,EMPATE
Fluminense,Cruzeiro,1,CASA
Ceará,São Paulo,0,EMPATE
Palmeiras,Internacional,1,CASA
Grêmio,Athletico PR,0,EMPATE
Sport Recife,Botafogo,0,EMPATE
Botafogo,Grêmio,1,CASA
Atlético Mineiro,Corinthians,1,CASA
Paraná,Sport Recife,1,FORA
Bahia,Athletico PR,0,EMPATE
Fluminense,São Paulo,0,EMPATE
Ceará,Flamengo,3,FORA
Palmeiras,Chapecoense,0,EMPATE
Internacional,Cruzeiro,0,EMPATE
América Mineiro,Vitória,1,CASA
Vasco da Gama,América Mineiro,3,CASA
São Paulo,Atlético Mineiro,0,EMPATE
Corinthians,Ceará,0,EMPATE
Cruzeiro,Botafogo,1,CASA
Athletico PR,Palmeiras,2,FORA
Vitória,Fluminense,1,FORA
Flamengo,Internacional,2,CASA
Sport Recife,Bahia,2,CASA
Grêmio,Santos,4,CASA
Chapecoense,Paraná,0,EMPATE
Grêmio,Internacional,0,EMPATE
Cruzeiro,Sport Recife,2,CASA
Athletico PR,Atlético Mineiro,1,FORA
Chapecoense,Flamengo,1,CASA
Bahia,São Paulo,0,EMPATE
Vasco da Gama,Vitória,1,FORA
Corinthians,Palmeiras,1,CASA
Santos,Paraná,2,CASA
Botafogo,Fluminense,1,CASA
Ceará,América Mineiro,0,EMPATE
Atlético Mineiro,Cruzeiro,1,CASA
Flamengo,Vasco da Gama,0,EMPATE
Palmeiras,Bahia,3,CASA
Vitória,Ceará,1,CASA
Paraná,Grêmio,0,EMPATE
América Mineiro,Botafogo,1,CASA
São Paulo,Santos,1,CASA
Sport Recife,Corinthians,0,EMPATE
Fluminense,Athletico PR,2,CASA
Internacional,Chapecoense,3,CASA
Fluminense,Chapecoense,2,CASA
Palmeiras,Sport Recife,1,FORA
Atlético Mineiro,Flamengo,1,FORA
Paraná,Athletico PR,0,EMPATE
Bahia,Vasco da Gama,3,CASA
Botafogo,Vitória,0,EMPATE
Santos,Cruzeiro,1,FORA
Internacional,Corinthians,1,CASA
América Mineiro,São Paulo,2,FORA
Ceará,Grêmio,1,FORA
Vitória,Internacional,1,FORA
Vasco da Gama,Paraná,1,CASA
Sport Recife,Atlético Mineiro,1,CASA
Chapecoense,Ceará,2,CASA
São Paulo,Botafogo,1,CASA
Cruzeiro,Palmeiras,1,CASA
Grêmio,Fluminense,0,EMPATE
Flamengo,Bahia,2,CASA
Corinthians,América Mineiro,1,CASA
Athletico PR,Santos,2,CASA
Atlético Mineiro,Chapecoense,0,EMPATE
Internacional,Sport Recife,0,EMPATE
Vasco da Gama,Botafogo,1,FORA
Palmeiras,São Paulo,2,CASA
América Mineiro,Athletico PR,2,CASA
Bahia,Grêmio,2,FORA
Flamengo,Corinthians,1,CASA
Santos,Vitória,3,CASA
Ceará,Cruzeiro,1,FORA
Paraná,Fluminense,1,CASA
São Paulo,Internacional,0,EMPATE
Vitória,Chapecoense,1,CASA
Botafogo,Ceará,0,EMPATE
Sport Recife,Athletico PR,1,CASA
Corinthians,Santos,0,EMPATE
Cruzeiro,Vasco da Gama,0,EMPATE
Grêmio,Palmeiras,2,FORA
Paraná,Bahia,1,CASA
Fluminense,Flamengo,2,FORA
América Mineiro,Atlético Mineiro,2,FORA
Athletico PR,São Paulo,1,FORA
Chapecoense,Cruzeiro,2,CASA
Vasco da Gama,Sport Recife,1,CASA
Corinthians,Vitória,0,EMPATE
Atlético Mineiro,Fluminense,3,CASA
Bahia,Botafogo,0,EMPATE
Ceará,Palmeiras,0,EMPATE
Grêmio,América Mineiro,1,CASA
Flamengo,Paraná,2,CASA
Santos,Internacional,1,FORA
São Paulo,Vitória,3,CASA
América Mineiro,Chapecoense,0,EMPATE
Fluminense,Santos,1,FORA
Paraná,Cruzeiro,0,EMPATE
Sport Recife,Grêmio,0,EMPATE
Botafogo,Athletico PR,2,CASA
Palmeiras,Flamengo,0,EMPATE
Atlético Mineiro,Ceará,1,CASA
Bahia,Corinthians,1,CASA
Internacional,Vasco da Gama,2,CASA
Ceará,Sport Recife,1,CASA
Vitória,Paraná,1,CASA
Flamengo,São Paulo,1,FORA
Corinthians,Botafogo,2,CASA
Grêmio,Atlético Mineiro,2,CASA
Cruzeiro,América Mineiro,2,CASA
Chapecoense,Bahia,0,EMPATE
Vasco da Gama,Fluminense,0,EMPATE
Santos,Palmeiras,0,EMPATE
Athletico PR,Internacional,0,EMPATE
Flamengo,Botafogo,2,CASA
São Paulo,Corinthians,2,CASA
Paraná,América Mineiro,1,CASA
Bahia,Vitória,3,CASA
Vasco da Gama,Grêmio,1,CASA
Sport Recife,Fluminense,1,FORA
Palmeiras,Atlético Mineiro,1,CASA
Cruzeiro,Athletico PR,1,CASA
Chapecoense,Santos,0,EMPATE
Internacional,Ceará,1,CASA
Fluminense,Palmeiras,1,CASA
Atlético Mineiro,Paraná,2,CASA
Santos,Flamengo,0,EMPATE
Corinthians,Cruzeiro,2,CASA
Vitória,Sport Recife,1,CASA
Botafogo,Chapecoense,1,CASA
Grêmio,São Paulo,1,CASA
América Mineiro,Internacional,1,CASA
Ceará,Fluminense,1,CASA
Vasco da Gama,Corinthians,3,FORA
Palmeiras,Paraná,3,CASA
Cruzeiro,São Paulo,2,FORA
Athletico PR,Vitória,4,CASA
Flamengo,Sport Recife,3,CASA
Internacional,Botafogo,3,CASA
Chapecoense,Grêmio,0,EMPATE
Santos,América Mineiro,1,FORA
Bahia,Atlético Mineiro,0,EMPATE
Botafogo,Santos,0,EMPATE
Grêmio,Flamengo,2,CASA
Corinthians,Athletico PR,0,EMPATE
Paraná,Ceará,1,FORA
América Mineiro,Palmeiras,0,EMPATE
Vitória,Cruzeiro,0,EMPATE
São Paulo,Vasco da Gama,1,CASA
Fluminense,Bahia,0,EMPATE
Sport Recife,Chapecoense,0,EMPATE
Atlético Mineiro,Internacional,1,FORA
Ceará,Santos,0,EMPATE
Ceará,Athletico PR,0,EMPATE
Bahia,América Mineiro,1,CASA
Atlético Mineiro,Santos,2,CASA
Paraná,Botafogo,0,EMPATE
Chapecoense,Corinthians,1,CASA
Flamengo,Cruzeiro,1,CASA
Sport Recife,São Paulo,2,FORA
Palmeiras,Vasco da Gama,1,CASA
Grêmio,Vitória,4,CASA
Fluminense,Internacional,3,FORA
Santos,Sport Recife,3,CASA
Corinthians,Grêmio,1,FORA
Athletico PR,Flamengo,3,CASA
Internacional,Paraná,1,CASA
Cruzeiro,Bahia,0,EMPATE
Vitória,Palmeiras,3,FORA
Botafogo,Atlético Mineiro,3,FORA
América Mineiro,Fluminense,0,EMPATE
São Paulo,Chapecoense,2,CASA
Vasco da Gama,Ceará,0,EMPATE
Paraná,São Paulo,0,EMPATE
Bahia,Internacional,1,FORA
Sport Recife,América Mineiro,2,FORA
Palmeiras,Botafogo,2,CASA
Fluminense,Corinthians,1,CASA
Grêmio,Cruzeiro,0,EMPATE
Flamengo,Vitória,1,CASA
Atlético Mineiro,Vasco da Gama,0,EMPATE
Santos,Bahia,2,CASA
Athletico PR,Grêmio,1,CASA
Corinthians,Paraná,1,CASA
Cruzeiro,Fluminense,1,CASA
Botafogo,Sport Recife,2,CASA
São Paulo,Ceará,1,CASA
América Mineiro,Flamengo,0,EMPATE
Vitória,Atlético Mineiro,1,CASA
Internacional,Palmeiras,0,EMPATE
Vasco da Gama,Chapecoense,2,CASA
Athletico PR,Vasco da Gama,1,CASA
Ceará,Bahia,2,FORA
Vitória,América Mineiro,1,CASA
Grêmio,Botafogo,4,CASA
Vasco da Gama,Santos,3,FORA
Corinthians,Atlético Mineiro,0,EMPATE
Flamengo,Ceará,1,FORA
Athletico PR,Bahia,2,CASA
São Paulo,Fluminense,0,EMPATE
Sport Recife,Paraná,1,CASA
Cruzeiro,Internacional,0,EMPATE
Chapecoense,Palmeiras,1,FORA
Bahia,Sport Recife,2,CASA
Botafogo,Cruzeiro,0,EMPATE
Ceará,Corinthians,1,CASA
Paraná,Chapecoense,0,EMPATE
Palmeiras,Athletico PR,2,CASA
Atlético Mineiro,São Paulo,1,CASA
Internacional,Flamengo,1,CASA
Fluminense,Vitória,0,EMPATE
Santos,Grêmio,0,EMPATE
América Mineiro,Vasco da Gama,1,CASA
Sport Recife,Cruzeiro,0,EMPATE
São Paulo,Bahia,1,CASA
Flamengo,Chapecoense,2,CASA
América Mineiro,Ceará,0,EMPATE
Fluminense,Botafogo,1,CASA
Palmeiras,Corinthians,1,CASA
Internacional,Grêmio,1,CASA
Paraná,Santos,2,FORA
Vitória,Vasco da Gama,1,CASA
Atlético Mineiro,Athletico PR,2,CASA
Chapecoense,Athletico PR,1,CASA
Ceará,Vitória,2,CASA
Grêmio,Paraná,2,CASA
Vasco da Gama,Flamengo,0,EMPATE
Botafogo,América Mineiro,1,CASA
Cruzeiro,Atlético Mineiro,0,EMPATE
Athletico PR,Fluminense,2,CASA
Bahia,Palmeiras,0,EMPATE
Santos,São Paulo,0,EMPATE
Corinthians,Sport Recife,1,CASA
Chapecoense,Internacional,1,CASA
São Paulo,América Mineiro,0,EMPATE
Grêmio,Ceará,1,CASA
Athletico PR,Paraná,3,CASA
Flamengo,Atlético Mineiro,1,CASA
Corinthians,Internacional,0,EMPATE
Vitória,Botafogo,1,FORA
Sport Recife,Palmeiras,1,FORA
Cruzeiro,Santos,1,CASA
Chapecoense,Fluminense,1,FORA
Vasco da Gama,Bahia,1,CASA
Santos,Vasco da Gama,0,EMPATE
Fluminense,Grêmio,1,FORA
América Mineiro,Corinthians,0,EMPATE
Bahia,Flamengo,0,EMPATE
Palmeiras,Cruzeiro,2,CASA
Atlético Mineiro,Sport Recife,3,CASA
Botafogo,São Paulo,0,EMPATE
Santos,Athletico PR,1,CASA
Internacional,Vitória,1,CASA
Ceará,Chapecoense,2,CASA
Paraná,Vasco da Gama,0,EMPATE
Sport Recife,Internacional,1,CASA
Corinthians,Flamengo,3,FORA
Vitória,Santos,1,FORA
Athletico PR,América Mineiro,4,CASA
Chapecoense,Atlético Mineiro,1,CASA
São Paulo,Palmeiras,2,FORA
Grêmio,Bahia,0,EMPATE
Fluminense,Paraná,4,CASA
Botafogo,Vasco da Gama,0,EMPATE
Flamengo,Fluminense,3,CASA
Santos,Corinthians,1,CASA
Bahia,Paraná,2,CASA
Chapecoense,Vitória,1,FORA
Vasco da Gama,Cruzeiro,2,CASA
Palmeiras,Grêmio,2,CASA
Internacional,São Paulo,2,CASA
Atlético Mineiro,América Mineiro,0,EMPATE
Athletico PR,Sport Recife,4,CASA
Ceará,Botafogo,0,EMPATE
América Mineiro,Grêmio,0,EMPATE
Botafogo,Bahia,1,FORA
São Paulo,Athletico PR,0,EMPATE
Sport Recife,Vasco da Gama,1,CASA
Vitória,Corinthians,0,EMPATE
Fluminense,Atlético Mineiro,1,CASA
Palmeiras,Ceará,1,CASA
Cruzeiro,Chapecoense,3,CASA
Paraná,Flamengo,4,FORA
Internacional,Santos,0,EMPATE
Cruzeiro,Ceará,2,FORA
Vitória,São Paulo,1,FORA
Vasco da Gama,Internacional,0,EMPATE
Santos,Fluminense,3,CASA
Grêmio,Sport Recife,1,FORA
Chapecoense,América Mineiro,1,CASA
Flamengo,Palmeiras,0,EMPATE
Corinthians,Bahia,1,CASA
Cruzeiro,Paraná,2,CASA
Athletico PR,Botafogo,1,CASA
Ceará,Atlético Mineiro,1,CASA
Atlético Mineiro,Grêmio,1,FORA
Fluminense,Vasco da Gama,1,FORA
Palmeiras,Santos,1,CASA
Paraná,Vitória,0,EMPATE
América Mineiro,Cruzeiro,1,FORA
Botafogo,Corinthians,1,CASA
São Paulo,Flamengo,0,EMPATE
Bahia,Chapecoense,1,CASA
Internacional,Athletico PR,1,CASA
Sport Recife,Ceará,1,CASA
América Mineiro,Paraná,1,FORA
Corinthians,São Paulo,0,EMPATE
Athletico PR,Cruzeiro,2,CASA
Botafogo,Flamengo,1,CASA
Atlético Mineiro,Palmeiras,0,EMPATE
Vitória,Bahia,0,EMPATE
Ceará,Internacional,0,EMPATE
Grêmio,Vasco da Gama,1,CASA
Fluminense,Sport Recife,0,EMPATE
Santos,Chapecoense,1,FORA
Vasco da Gama,Athletico PR,0,EMPATE
Paraná,Atlético Mineiro,1,FORA
Bahia,Ceará,1,CASA
Cruzeiro,Corinthians,1,CASA
Sport Recife,Vitória,0,EMPATE
Palmeiras,Fluminense,3,CASA
Chapecoense,Botafogo,1,FORA
Flamengo,Santos,1,CASA
São Paulo,Grêmio,0,EMPATE
Internacional,América Mineiro,2,CASA
Vitória,Athletico PR,1,FORA
Corinthians,Vasco da Gama,1,CASA
Atlético Mineiro,Bahia,1,CASA
Paraná,Palmeiras,0,EMPATE
América Mineiro,Santos,1,CASA
Botafogo,Internacional,1,CASA
Sport Recife,Flamengo,1,FORA
São Paulo,Cruzeiro,1,CASA
Grêmio,Chapecoense,2,CASA
Fluminense,Ceará,0,EMPATE
Internacional,Atlético Mineiro,1,FORA
Santos,Botafogo,0,EMPATE
Cruzeiro,Vitória,3,CASA
Athletico PR,Corinthians,1,CASA
Flamengo,Grêmio,2,CASA
Palmeiras,América Mineiro,4,CASA
Vasco da Gama,São Paulo,2,CASA
Chapecoense,Sport Recife,1,CASA
Bahia,Fluminense,2,CASA
Ceará,Paraná,1,CASA
Santos,Atlético Mineiro,1,CASA
Cruzeiro,Flamengo,2,FORA
Athletico PR,Ceará,0,EMPATE
Vitória,Grêmio,0,EMPATE
Vasco da Gama,Palmeiras,1,FORA
América Mineiro,Bahia,1,CASA
Corinthians,Chapecoense,0,EMPATE
Internacional,Fluminense,2,CASA
Botafogo,Paraná,1,CASA
São Paulo,Sport Recife,0,EMPATE
Atlético Mineiro,Botafogo,1,CASA
Flamengo,Athletico PR,1,FORA
Paraná,Internacional,0,EMPATE
Chapecoense,São Paulo,1,CASA
Bahia,Cruzeiro,0,EMPATE
Fluminense,América Mineiro,1,CASA
Ceará,Vasco da Gama,0,EMPATE
Sport Recife,Santos,1,CASA
Palmeiras,Vitória,1,CASA
Grêmio,Corinthians,1,CASA
São Paulo,Botafogo,2,CASA
Atlético Mineiro,Avaí,1,CASA
Chapecoense,Internacional,2,CASA
Flamengo,Cruzeiro,2,CASA
Grêmio,Santos,1,FORA
Ceará,CSA,4,CASA
Bahia,Corinthians,1,CASA
Athletico PR,Vasco da Gama,3,CASA
Palmeiras,Fortaleza,4,CASA
Fluminense,Goiás,1,FORA
Internacional,Flamengo,1,CASA
Corinthians,Chapecoense,1,CASA
CSA,Palmeiras,0,EMPATE
Cruzeiro,Ceará,1,CASA
Avaí,Grêmio,0,EMPATE
Fortaleza,Athletico PR,1,CASA
Vasco da Gama,Atlético Mineiro,1,FORA
Goiás,São Paulo,1,FORA
Santos,Fluminense,1,CASA
Botafogo,Bahia,1,CASA
Palmeiras,Internacional,1,CASA
Vasco da Gama,Corinthians,0,EMPATE
Ceará,Atlético Mineiro,1,FORA
Chapecoense,Athletico PR,0,EMPATE
Cruzeiro,Goiás,1,CASA
São Paulo,Flamengo,0,EMPATE
Botafogo,Fortaleza,1,CASA
CSA,Santos,0,EMPATE
Grêmio,Fluminense,1,FORA
Bahia,Avaí,1,CASA
Fluminense,Botafogo,1,FORA
Corinthians,Grêmio,0,EMPATE
Goiás,Ceará,1,CASA
Flamengo,Chapecoense,1,CASA
Internacional,Cruzeiro,2,CASA
Atlético Mineiro,Palmeiras,2,FORA
Santos,Vasco da Gama,3,CASA
Fortaleza,São Paulo,1,FORA
Avaí,CSA,0,EMPATE
Athletico PR,Bahia,1,CASA
Fluminense,Cruzeiro,3,CASA
Atlético Mineiro,Flamengo,1,CASA
Palmeiras,Santos,4,CASA
São Paulo,Bahia,0,EMPATE
Internacional,CSA,2,CASA
Chapecoense,Fortaleza,2,FORA
Goiás,Botafogo,1,CASA
Athletico PR,Corinthians,2,FORA
Ceará,Grêmio,1,CASA
Vasco da Gama,Avaí,0,EMPATE
Botafogo,Palmeiras,1,FORA
Grêmio,Atlético Mineiro,1,CASA
Santos,Internacional,0,EMPATE
Flamengo,Athletico PR,1,CASA
Cruzeiro,Chapecoense,1,FORA
Fortaleza,Vasco da Gama,0,EMPATE
Corinthians,São Paulo,1,CASA
Bahia,Fluminense,1,CASA
Avaí,Ceará,1,FORA
CSA,Goiás,1,CASA
Flamengo,Fortaleza,2,CASA
Bahia,Grêmio,1,CASA
Botafogo,Vasco da Gama,1,CASA
Ceará,Santos,1,FORA
São Paulo,Cruzeiro,0,EMPATE
Athletico PR,Fluminense,3,CASA
Internacional,Avaí,2,CASA
Atlético Mineiro,CSA,4,CASA
Chapecoense,Palmeiras,1,FORA
Vasco da Gama,Internacional,1,CASA
Palmeiras,Athletico PR,1,CASA
Grêmio,Fortaleza,1,CASA
Cruzeiro,Corinthians,0,EMPATE
Ceará,Bahia,0,EMPATE
Avaí,São Paulo,0,EMPATE
Santos,Atlético Mineiro,2,CASA
Fluminense,Flamengo,0,EMPATE
CSA,Botafogo,1,FORA
Goiás,Chapecoense,2,CASA
Botafogo,Grêmio,1,FORA
Fortaleza,Cruzeiro,1,CASA
Internacional,Bahia,2,CASA
Santos,Corinthians,1,CASA
CSA,Flamengo,2,FORA
Vasco da Gama,Ceará,1,CASA
Atlético Mineiro,São Paulo,0,EMPATE
Palmeiras,Avaí,2,CASA
Chapecoense,Fluminense,0,EMPATE
Goiás,Athletico PR,1,CASA
Grêmio,Vasco da Gama,1,CASA
Fortaleza,Avaí,2,CASA
São Paulo,Palmeiras,0,EMPATE
Bahia,Santos,1,FORA
Flamengo,Goiás,5,CASA
Cruzeiro,Botafogo,0,EMPATE
Corinthians,CSA,1,CASA
Athletico PR,Internacional,1,CASA
Chapecoense,Atlético Mineiro,1,FORA
Fluminense,Ceará,0,EMPATE
Vasco da Gama,Fluminense,1,CASA
Bahia,Cruzeiro,0,EMPATE
Internacional,Grêmio,0,EMPATE
Ceará,Palmeiras,2,CASA
CSA,Athletico PR,4,FORA
Botafogo,Santos,1,FORA
Atlético Mineiro,Fortaleza,0,EMPATE
Corinthians,Flamengo,0,EMPATE
Avaí,Goiás,0,EMPATE
São Paulo,Chapecoense,4,CASA
Palmeiras,Vasco da Gama,0,EMPATE
Internacional,Ceará,1,CASA
Cruzeiro,Athletico PR,2,FORA
Fluminense,São Paulo,1,FORA
Chapecoense,Bahia,0,EMPATE
Santos,Avaí,2,CASA
Flamengo,Botafogo,1,CASA
Fortaleza,Corinthians,2,FORA
Goiás,Atlético Mineiro,0,EMPATE
CSA,Grêmio,0,EMPATE
Ceará,Fortaleza,1,CASA
Fluminense,Internacional,1,CASA
Santos,Goiás,5,CASA
Avaí,Botafogo,2,FORA
Bahia,Flamengo,3,CASA
Atlético Mineiro,Cruzeiro,2,CASA
Corinthians,Palmeiras,0,EMPATE
Vasco da Gama,CSA,0,EMPATE
Grêmio,Chapecoense,0,EMPATE
Corinthians,Goiás,2,CASA
Ceará,Chapecoense,3,CASA
São Paulo,Santos,1,CASA
Flamengo,Grêmio,2,CASA
Atlético Mineiro,Fluminense,1,CASA
Internacional,Corinthians,0,EMPATE
Palmeiras,Bahia,0,EMPATE
Botafogo,Athletico PR,1,CASA
Avaí,Cruzeiro,0,EMPATE
Goiás,Vasco da Gama,1,FORA
CSA,Fortaleza,2,FORA
Fortaleza,Internacional,1,FORA
Corinthians,Botafogo,2,CASA
Vasco da Gama,Flamengo,3,FORA
Athletico PR,Atlético Mineiro,1,CASA
Grêmio,Palmeiras,0,EMPATE
Cruzeiro,Santos,2,CASA
São Paulo,Ceará,1,CASA
Fluminense,CSA,1,FORA
Bahia,Goiás,0,EMPATE
Chapecoense,Avaí,1,CASA
Athletico PR,São Paulo,1,FORA
Atlético Mineiro,Bahia,1,FORA
Grêmio,Athletico PR,1,CASA
Santos,Fortaleza,0,EMPATE
Vasco da Gama,São Paulo,2,CASA
Goiás,Internacional,1,CASA
Ceará,Flamengo,3,FORA
Avaí,Corinthians,0,EMPATE
CSA,Cruzeiro,0,EMPATE
Botafogo,Chapecoense,0,EMPATE
São Paulo,Grêmio,0,EMPATE
Bahia,CSA,1,CASA
Chapecoense,Santos,1,FORA
Athletico PR,Ceará,1,CASA
Internacional,Botafogo,1,CASA
Fortaleza,Goiás,2,CASA
Flamengo,Palmeiras,3,CASA
Cruzeiro,Vasco da Gama,1,CASA
Corinthians,Atlético Mineiro,1,CASA
Fluminense,Avaí,1,FORA
Corinthians,Ceará,0,EMPATE
Vasco da Gama,Bahia,2,FORA
Fortaleza,Fluminense,1,FORA
Avaí,Flamengo,3,FORA
Internacional,São Paulo,1,CASA
Goiás,Palmeiras,1,FORA
Cruzeiro,Grêmio,3,FORA
Santos,Athletico PR,0,EMPATE
Botafogo,Atlético Mineiro,1,CASA
CSA,Chapecoense,2,CASA
Palmeiras,Fluminense,3,CASA
Flamengo,Santos,1,CASA
Palmeiras,Cruzeiro,1,CASA
Chapecoense,Vasco da Gama,1,FORA
Ceará,Botafogo,0,EMPATE
Atlético Mineiro,Internacional,2,FORA
Athletico PR,Avaí,1,FORA
Grêmio,Goiás,3,CASA
Fluminense,Corinthians,1,CASA
Bahia,Fortaleza,0,EMPATE
São Paulo,CSA,0,EMPATE
Botafogo,São Paulo,1,FORA
Cruzeiro,Flamengo,1,FORA
Corinthians,Bahia,1,CASA
Santos,Grêmio,3,FORA
Internacional,Chapecoense,1,CASA
Fortaleza,Palmeiras,1,FORA
Vasco da Gama,Athletico PR,0,EMPATE
CSA,Ceará,1,CASA
Goiás,Fluminense,3,CASA
Avaí,Atlético Mineiro,1,CASA
Ceará,Cruzeiro,0,EMPATE
São Paulo,Goiás,1,FORA
Flamengo,Internacional,2,CASA
Bahia,Botafogo,2,CASA
Palmeiras,CSA,4,CASA
Grêmio,Avaí,5,CASA
Fluminense,Santos,0,EMPATE
Athletico PR,Fortaleza,3,CASA
Flamengo,São Paulo,0,EMPATE
Corinthians,Vasco da Gama,1,CASA
Internacional,Palmeiras,0,EMPATE
Santos,CSA,2,CASA
Fluminense,Grêmio,1,CASA
Atlético Mineiro,Ceará,1,CASA
Athletico PR,Chapecoense,0,EMPATE
Fortaleza,Botafogo,1,CASA
Avaí,Bahia,2,FORA
Goiás,Cruzeiro,1,CASA
Atlético Mineiro,Vasco da Gama,1,FORA
Chapecoense,Corinthians,1,FORA
São Paulo,Fortaleza,1,CASA
Vasco da Gama,Santos,1,FORA
Grêmio,Corinthians,0,EMPATE
Bahia,Athletico PR,1,FORA
Cruzeiro,Internacional,0,EMPATE
Chapecoense,Flamengo,1,FORA
Ceará,Goiás,1,FORA
Palmeiras,Atlético Mineiro,0,EMPATE
Botafogo,Fluminense,1,FORA
CSA,Avaí,2,CASA
Botafogo,Goiás,2,CASA
CSA,Internacional,1,CASA
Fortaleza,Chapecoense,2,CASA
Grêmio,Ceará,1,CASA
Bahia,São Paulo,0,EMPATE
Cruzeiro,Fluminense,0,EMPATE
Santos,Palmeiras,2,CASA
Corinthians,Athletico PR,0,EMPATE
Avaí,Vasco da Gama,0,EMPATE
Flamengo,Atlético Mineiro,2,CASA
Goiás,CSA,1,CASA
Fluminense,Bahia,2,CASA
Palmeiras,Botafogo,1,CASA
Internacional,Santos,0,EMPATE
Ceará,Avaí,1,CASA
Vasco da Gama,Fortaleza,1,CASA
Athletico PR,Flamengo,2,FORA
São Paulo,Corinthians,1,CASA
Atlético Mineiro,Grêmio,3,FORA
Chapecoense,Cruzeiro,0,EMPATE
Grêmio,Bahia,1,FORA
CSA,Atlético Mineiro,0,EMPATE
Fortaleza,Flamengo,1,FORA
Cruzeiro,São Paulo,1,CASA
Palmeiras,Chapecoense,1,CASA
Vasco da Gama,Botafogo,1,CASA
Goiás,Corinthians,0,EMPATE
Santos,Ceará,1,CASA
Avaí,Internacional,2,FORA
Fluminense,Athletico PR,1,FORA
Fortaleza,Grêmio,1,CASA
Corinthians,Cruzeiro,1,FORA
Internacional,Vasco da Gama,1,FORA
Atlético Mineiro,Santos,2,CASA
São Paulo,Avaí,1,CASA
Flamengo,Fluminense,2,CASA
Chapecoense,Goiás,0,EMPATE
Athletico PR,Palmeiras,0,EMPATE
Bahia,Ceará,1,FORA
Botafogo,CSA,1,CASA
Ceará,Vasco da Gama,0,EMPATE
Corinthians,Santos,0,EMPATE
Bahia,Internacional,1,FORA
Fluminense,Chapecoense,0,EMPATE
Cruzeiro,Fortaleza,0,EMPATE
Grêmio,Botafogo,3,CASA
São Paulo,Atlético Mineiro,2,CASA
Athletico PR,Goiás,3,CASA
Avaí,Palmeiras,1,FORA
Flamengo,CSA,1,CASA
Atlético Mineiro,Chapecoense,2,FORA
Palmeiras,São Paulo,3,CASA
Avaí,Fortaleza,2,FORA
Ceará,Fluminense,2,CASA
Vasco da Gama,Grêmio,2,FORA
CSA,Corinthians,1,CASA
Santos,Bahia,1,CASA
Goiás,Flamengo,0,EMPATE
Internacional,Athletico PR,0,EMPATE
Botafogo,Cruzeiro,2,FORA
Fortaleza,Atlético Mineiro,0,EMPATE
Palmeiras,Ceará,1,CASA
Fluminense,Vasco da Gama,0,EMPATE
Chapecoense,São Paulo,3,FORA
Flamengo,Corinthians,3,CASA
Grêmio,Internacional,2,CASA
Athletico PR,CSA,1,CASA
Cruzeiro,Bahia,0,EMPATE
Santos,Botafogo,3,CASA
Goiás,Avaí,2,CASA
Corinthians,Fortaleza,1,CASA
Atlético Mineiro,Goiás,2,CASA
Avaí,Santos,1,FORA
Vasco da Gama,Palmeiras,1,FORA
Bahia,Chapecoense,0,EMPATE
Athletico PR,Cruzeiro,0,EMPATE
Ceará,Internacional,2,CASA
São Paulo,Fluminense,2,FORA
Botafogo,Flamengo,1,FORA
Grêmio,CSA,1,CASA
Goiás,Santos,3,FORA
Palmeiras,Corinthians,0,EMPATE
Internacional,Fluminense,1,CASA
Cruzeiro,Atlético Mineiro,0,EMPATE
São Paulo,Athletico PR,1,FORA
Flamengo,Bahia,2,CASA
Fortaleza,Ceará,1,CASA
Chapecoense,Grêmio,1,FORA
CSA,Vasco da Gama,3,FORA
Botafogo,Avaí,2,CASA
Flamengo,Vasco da Gama,0,EMPATE
Santos,São Paulo,0,EMPATE
Fluminense,Atlético Mineiro,0,EMPATE
Grêmio,Flamengo,1,FORA
Bahia,Palmeiras,0,EMPATE
Corinthians,Internacional,0,EMPATE
Chapecoense,Ceará,1,CASA
Athletico PR,Botafogo,1,CASA
Fortaleza,CSA,3,CASA
Vasco da Gama,Goiás,0,EMPATE
Cruzeiro,Avaí,0,EMPATE
Santos,Cruzeiro,3,CASA
Atlético Mineiro,Athletico PR,1,FORA
Palmeiras,Grêmio,1,FORA
Goiás,Bahia,1,CASA
Botafogo,Corinthians,1,CASA
Internacional,Fortaleza,0,EMPATE
Ceará,São Paulo,0,EMPATE
Avaí,Chapecoense,1,FORA
CSA,Fluminense,1,FORA
Internacional,Goiás,1,FORA
Chapecoense,Botafogo,1,FORA
Bahia,Atlético Mineiro,0,EMPATE
Corinthians,Avaí,3,CASA
Flamengo,Ceará,3,CASA
Athletico PR,Grêmio,2,CASA
Fluminense,Palmeiras,1,CASA
Fortaleza,Santos,1,CASA
São Paulo,Vasco da Gama,1,CASA
Cruzeiro,CSA,1,FORA
Ceará,Athletico PR,0,EMPATE
Botafogo,Internacional,1,FORA
Palmeiras,Flamengo,2,FORA
Avaí,Fluminense,0,EMPATE
Goiás,Fortaleza,1,FORA
Atlético Mineiro,Corinthians,1,CASA
CSA,Bahia,1,FORA
Grêmio,São Paulo,3,CASA
Santos,Chapecoense,2,CASA
Vasco da Gama,Cruzeiro,1,CASA
Athletico PR,Santos,1,CASA
Atlético Mineiro,Botafogo,2,CASA
Ceará,Corinthians,1,FORA
Chapecoense,CSA,3,CASA
São Paulo,Internacional,1,CASA
Fluminense,Fortaleza,0,EMPATE
Grêmio,Cruzeiro,2,CASA
Palmeiras,Goiás,4,CASA
Bahia,Vasco da Gama,0,EMPATE
Flamengo,Avaí,5,CASA
Internacional,Atlético Mineiro,1,CASA
Cruzeiro,Palmeiras,2,FORA
Fortaleza,Bahia,1,CASA
Corinthians,Fluminense,1,FORA
Santos,Flamengo,4,CASA
Vasco da Gama,Chapecoense,0,EMPATE
Botafogo,Ceará,0,EMPATE
Avaí,Athletico PR,0,EMPATE
Goiás,Grêmio,1,CASA
CSA,São Paulo,1,FORA
Fortaleza,Athletico PR,2,FORA
Coritiba,Internacional,1,FORA
Sport Recife,Ceará,1,CASA
Flamengo,Atlético Mineiro,1,FORA
Santos,Bragantino,0,EMPATE
Grêmio,Fluminense,1,CASA
Bragantino,Botafogo,0,EMPATE
Atlético Mineiro,Corinthians,1,CASA
Athletico PR,Goiás,1,CASA
Bahia,Coritiba,1,CASA
Atlético GO,Flamengo,3,CASA
Fluminense,Palmeiras,0,EMPATE
Ceará,Grêmio,0,EMPATE
São Paulo,Fortaleza,1,CASA
Internacional,Santos,2,CASA
Vasco da Gama,Sport Recife,2,CASA
Grêmio,Corinthians,0,EMPATE
Coritiba,Flamengo,1,FORA
Palmeiras,Goiás,0,EMPATE
Atlético Mineiro,Ceará,2,CASA
Vasco da Gama,São Paulo,1,CASA
Bahia,Bragantino,1,CASA
Fluminense,Internacional,1,CASA
Atlético GO,Sport Recife,0,EMPATE
Fortaleza,Botafogo,0,EMPATE
Santos,Athletico PR,2,CASA
Flamengo,Grêmio,0,EMPATE
Bragantino,Fluminense,1,CASA
Athletico PR,Palmeiras,1,FORA
Internacional,Atlético GO,3,CASA
Goiás,Fortaleza,2,FORA
Botafogo,Atlético Mineiro,1,CASA
Corinthians,Coritiba,2,CASA
Sport Recife,Santos,1,FORA
São Paulo,Bahia,0,EMPATE
Ceará,Vasco da Gama,3,FORA
Athletico PR,Fluminense,1,FORA
Internacional,Atlético Mineiro,1,CASA
Goiás,Atlético GO,2,CASA
Flamengo,Botafogo,0,EMPATE
Vasco da Gama,Grêmio,0,EMPATE
Palmeiras,Santos,1,CASA
Bragantino,Coritiba,1,FORA
Sport Recife,São Paulo,1,FORA
Ceará,Bahia,2,CASA
São Paulo,Athletico PR,1,CASA
Corinthians,Fortaleza,0,EMPATE
Botafogo,Internacional,2,FORA
Fluminense,Vasco da Gama,1,CASA
Bahia,Palmeiras,0,EMPATE
Fortaleza,Bragantino,3,CASA
São Paulo,Corinthians,1,CASA
Santos,Flamengo,1,FORA
Coritiba,Sport Recife,1,CASA
Atlético GO,Ceará,2,FORA
Ceará,Fortaleza,1,CASA
Fluminense,Atlético GO,0,EMPATE
Goiás,Corinthians,1,FORA
Botafogo,Coritiba,0,EMPATE
Bahia,Flamengo,2,FORA
Athletico PR,Bragantino,0,EMPATE
Palmeiras,Internacional,0,EMPATE
Santos,Vasco da Gama,0,EMPATE
Grêmio,Sport Recife,1,FORA
Atlético Mineiro,São Paulo,3,CASA
Flamengo,Fortaleza,1,CASA
Corinthians,Botafogo,0,EMPATE
Ceará,Santos,1,FORA
Bragantino,Palmeiras,1,FORA
São Paulo,Fluminense,2,CASA
Internacional,Bahia,0,EMPATE
Vasco da Gama,Athletico PR,1,CASA
Atlético GO,Grêmio,0,EMPATE
Sport Recife,Goiás,1,CASA
Coritiba,Atlético Mineiro,1,FORA
Athletico PR,Botafogo,0,EMPATE
Fortaleza,Sport Recife,1,CASA
Goiás,Coritiba,0,EMPATE
São Paulo,Bragantino,0,EMPATE
Fluminense,Flamengo,1,FORA
Santos,Atlético Mineiro,2,CASA
Corinthians,Palmeiras,2,FORA
Internacional,Ceará,2,CASA
Bahia,Grêmio,2,FORA
Vasco da Gama,Atlético GO,1,FORA
Athletico PR,Coritiba,1,CASA
Santos,São Paulo,0,EMPATE
Fluminense,Corinthians,1,CASA
Grêmio,Fortaleza,0,EMPATE
Atlético Mineiro,Bragantino,1,CASA
Bahia,Atlético GO,1,FORA
Ceará,Flamengo,2,CASA
Goiás,Internacional,1,CASA
Palmeiras,Sport Recife,0,EMPATE
Botafogo,Vasco da Gama,1,FORA
Corinthians,Bahia,1,CASA
Bragantino,Ceará,2,CASA
Fortaleza,Internacional,1,CASA
Atlético GO,Atlético Mineiro,1,FORA
Grêmio,Palmeiras,0,EMPATE
Coritiba,Vasco da Gama,1,CASA
Botafogo,Santos,0,EMPATE
Sport Recife,Fluminense,1,CASA
Sport Recife,Corinthians,1,CASA
Internacional,São Paulo,0,EMPATE
Athletico PR,Bahia,1,CASA
Atlético Mineiro,Grêmio,2,CASA
Vasco da Gama,Bragantino,0,EMPATE
Palmeiras,Flamengo,0,EMPATE
Ceará,Goiás,0,EMPATE
Atlético GO,Botafogo,0,EMPATE
Santos,Fortaleza,0,EMPATE
Fluminense,Coritiba,4,CASA
Botafogo,Bahia,1,FORA
Corinthians,Atlético GO,0,EMPATE
Grêmio,Internacional,0,EMPATE
Palmeiras,Ceará,1,CASA
Bragantino,Corinthians,0,EMPATE
Botafogo,Fluminense,0,EMPATE
Flamengo,Athletico PR,2,CASA
Coritiba,São Paulo,0,EMPATE
Bahia,Sport Recife,1,FORA
Fortaleza,Atlético GO,0,EMPATE
Goiás,Santos,1,FORA
Atlético Mineiro,Vasco da Gama,3,CASA
Corinthians,Santos,0,EMPATE
Flamengo,Sport Recife,3,CASA
Grêmio,Coritiba,1,CASA
Bahia,Vasco da Gama,3,CASA
São Paulo,Atlético GO,3,CASA
Goiás,Fluminense,2,FORA
Botafogo,Palmeiras,1,CASA
Fortaleza,Atlético Mineiro,1,CASA
Athletico PR,Ceará,0,EMPATE
Bragantino,Internacional,2,FORA
Vasco da Gama,Flamengo,1,FORA
Palmeiras,São Paulo,2,FORA
Coritiba,Fortaleza,0,EMPATE
Atlético Mineiro,Goiás,3,CASA
Fluminense,Bahia,1,CASA
Santos,Grêmio,1,CASA
Sport Recife,Botafogo,1,FORA
Atlético GO,Bragantino,1,CASA
Internacional,Athletico PR,1,CASA
Ceará,Corinthians,1,CASA
Flamengo,Goiás,1,CASA
Palmeiras,Coritiba,2,FORA
Grêmio,Botafogo,2,CASA
Santos,Atlético GO,1,FORA
Atlético Mineiro,Fluminense,0,EMPATE
Sport Recife,Internacional,2,FORA
Athletico PR,Corinthians,1,FORA
Flamengo,Bragantino,0,EMPATE
Goiás,Bahia,0,EMPATE
Fluminense,Ceará,0,EMPATE
Coritiba,Santos,1,FORA
Atlético GO,Athletico PR,0,EMPATE
São Paulo,Grêmio,0,EMPATE
Corinthians,Flamengo,4,FORA
Internacional,Vasco da Gama,2,CASA
Bragantino,Sport Recife,2,CASA
Fortaleza,Palmeiras,2,CASA
Botafogo,Goiás,0,EMPATE
Bahia,Atlético Mineiro,2,CASA
Vasco da Gama,Corinthians,1,FORA
Bragantino,Goiás,2,CASA
Ceará,Coritiba,1,CASA
Atlético Mineiro,Sport Recife,0,EMPATE
Fluminense,Santos,2,CASA
Atlético GO,Palmeiras,3,FORA
Internacional,Flamengo,0,EMPATE
Athletico PR,Grêmio,1,FORA
Botafogo,Ceará,0,EMPATE
Corinthians,Internacional,1,CASA
Coritiba,Atlético GO,1,CASA
Fortaleza,Fluminense,1,FORA
Flamengo,São Paulo,3,FORA
Sport Recife,Athletico PR,1,CASA
Santos,Bahia,2,CASA
Goiás,Vasco da Gama,0,EMPATE
Palmeiras,Atlético Mineiro,3,CASA
Grêmio,Bragantino,1,CASA
Athletico PR,Fortaleza,1,CASA
São Paulo,Goiás,1,CASA
Atlético GO,Corinthians,0,EMPATE
Vasco da Gama,Palmeiras,1,FORA
Internacional,Coritiba,0,EMPATE
Atlético Mineiro,Flamengo,4,CASA
Bahia,Botafogo,1,CASA
Bragantino,Santos,0,EMPATE
Fluminense,Grêmio,1,FORA
Ceará,Sport Recife,0,EMPATE
Bahia,Fortaleza,1,CASA
Sport Recife,Vasco da Gama,2,FORA
Santos,Internacional,2,CASA
Goiás,Athletico PR,1,FORA
Fortaleza,São Paulo,1,FORA
Corinthians,Atlético Mineiro,1,FORA
Grêmio,Ceará,2,CASA
Palmeiras,Fluminense,2,CASA
Flamengo,Atlético GO,0,EMPATE
Coritiba,Bahia,1,FORA
Botafogo,Bragantino,1,FORA
Atlético Mineiro,Athletico PR,2,FORA
Vasco da Gama,Fortaleza,0,EMPATE
Bragantino,Bahia,4,CASA
Athletico PR,Santos,1,CASA
Flamengo,Coritiba,2,CASA
Goiás,Palmeiras,1,CASA
São Paulo,Vasco da Gama,0,EMPATE
Ceará,Atlético Mineiro,0,EMPATE
Internacional,Fluminense,1,FORA
Botafogo,Fortaleza,1,FORA
Corinthians,Grêmio,0,EMPATE
Sport Recife,Atlético GO,1,FORA
Ceará,São Paulo,0,EMPATE
Atlético Mineiro,Botafogo,1,CASA
Coritiba,Corinthians,1,FORA
Fortaleza,Goiás,0,EMPATE
Santos,Sport Recife,2,CASA
Palmeiras,Athletico PR,3,CASA
Bahia,São Paulo,2,FORA
Atlético GO,Internacional,0,EMPATE
Grêmio,Goiás,1,CASA
Vasco da Gama,Ceará,3,FORA
Fluminense,Bragantino,0,EMPATE
Fortaleza,Corinthians,0,EMPATE
Goiás,São Paulo,3,FORA
Botafogo,Flamengo,1,FORA
Santos,Palmeiras,0,EMPATE
Fluminense,Athletico PR,2,CASA
Bahia,Ceará,2,FORA
Coritiba,Bragantino,0,EMPATE
Grêmio,Vasco da Gama,4,CASA
São Paulo,Sport Recife,1,CASA
Atlético Mineiro,Internacional,0,EMPATE
Atlético GO,Goiás,1,FORA
